{
  "process": "mixture(h=2,tail=2)",
  "n_ctx": 8,
  "epoch_len": 4,
  "transfer_matrix": [
    [
      0.5035,
      0.5035,
      0.5035,
      0.5035,
      0.5035,
      0.5035,
      0.5035,
      0.5035
    ],
    [
      0.5035,
      0.4942,
      0.8787,
      0.5035,
      0.5035,
      0.5035,
      0.4965,
      0.5035
    ],
    [
      0.5035,
      0.5035,
      1.0,
      0.5035,
      0.5035,
      0.5035,
      0.4978,
      0.5035
    ],
    [
      0.4962,
      0.5055,
      0.5035,
      1.0,
      0.4995,
      0.5052,
      0.5035,
      0.4978
    ],
    [
      0.4965,
      0.4952,
      0.5035,
      0.4965,
      1.0,
      0.4965,
      0.5035,
      0.6268
    ],
    [
      0.4962,
      0.5055,
      0.7553,
      0.6268,
      0.5035,
      1.0,
      0.5035,
      0.5737
    ],
    [
      0.5035,
      0.5035,
      0.5035,
      0.5035,
      0.5035,
      0.5035,
      1.0,
      0.5035
    ],
    [
      0.4965,
      0.4965,
      0.5035,
      0.4965,
      0.4965,
      0.4965,
      0.5035,
      1.0
    ]
  ],
  "cosine_matrix": [
    [
      1.0,
      -0.0958,
      -0.0232,
      0.6943,
      0.0955,
      0.097,
      -0.1352,
      0.1459
    ],
    [
      -0.0958,
      1.0,
      0.0168,
      -0.2666,
      0.0764,
      -0.0312,
      -0.1403,
      0.0344
    ],
    [
      -0.0232,
      0.0168,
      1.0,
      0.0076,
      0.0128,
      0.0238,
      0.0015,
      0.0537
    ],
    [
      0.6943,
      -0.2666,
      0.0076,
      1.0,
      0.1646,
      0.0837,
      -0.1411,
      0.0754
    ],
    [
      0.0955,
      0.0764,
      0.0128,
      0.1646,
      1.0,
      0.6381,
      0.1397,
      0.5295
    ],
    [
      0.097,
      -0.0312,
      0.0238,
      0.0837,
      0.6381,
      1.0,
      0.2925,
      0.5282
    ],
    [
      -0.1352,
      -0.1403,
      0.0015,
      -0.1411,
      0.1397,
      0.2925,
      1.0,
      0.2373
    ],
    [
      0.1459,
      0.0344,
      0.0537,
      0.0754,
      0.5295,
      0.5282,
      0.2373,
      1.0
    ]
  ],
  "mean_within_retention_transfer_offdiag": 0.517875,
  "mean_within_retention_cosine_offdiag": 0.3942104621117033,
  "interpretation": "High within-retention off-diagonal transfer/cosine => epoch>=2 positions share one retained direction; low => coin is re-encoded per position.",
  "figure": "results/mixture_position_geometry.png"
}