{
  "config": {
    "widths": [
      2,
      3,
      4,
      6,
      8,
      16,
      64
    ],
    "seeds": [
      0,
      1,
      2
    ],
    "note": "20/21 runs; d_model=64 seed=2 missing (redundant)",
    "d_mlp": "256 fixed"
  },
  "floor_nats": 0.49510512897138936,
  "by_width": {
    "2": {
      "retention_mean": 0.6817500000000001,
      "retention_std": 0.1413241048235108,
      "revealed": 1.0,
      "prefix": 0.495875,
      "current_coin": 1.0,
      "gap_mean": 0.19226666666666667,
      "gap_std": 0.008108157757605754,
      "n_converged": 0,
      "n_runs": 3
    },
    "3": {
      "retention_mean": 0.9847708333333333,
      "retention_std": 0.01628924214695769,
      "revealed": 1.0,
      "prefix": 0.495875,
      "current_coin": 1.0,
      "gap_mean": 0.00013333333333333334,
      "gap_std": 4.714045207910317e-05,
      "n_converged": 3,
      "n_runs": 3
    },
    "4": {
      "retention_mean": 0.9739583333333334,
      "retention_std": 0.01861928976596287,
      "revealed": 1.0,
      "prefix": 0.495875,
      "current_coin": 1.0,
      "gap_mean": 0.0001,
      "gap_std": 8.164965809277261e-05,
      "n_converged": 3,
      "n_runs": 3
    },
    "6": {
      "retention_mean": 1.0,
      "retention_std": 0.0,
      "revealed": 1.0,
      "prefix": 0.495875,
      "current_coin": 1.0,
      "gap_mean": 3.3333333333333335e-05,
      "gap_std": 4.7140452079103176e-05,
      "n_converged": 3,
      "n_runs": 3
    },
    "8": {
      "retention_mean": 1.0,
      "retention_std": 0.0,
      "revealed": 1.0,
      "prefix": 0.495875,
      "current_coin": 1.0,
      "gap_mean": 0.0,
      "gap_std": 0.0,
      "n_converged": 3,
      "n_runs": 3
    },
    "16": {
      "retention_mean": 1.0,
      "retention_std": 0.0,
      "revealed": 1.0,
      "prefix": 0.495875,
      "current_coin": 1.0,
      "gap_mean": 6.666666666666667e-05,
      "gap_std": 4.714045207910317e-05,
      "n_converged": 3,
      "n_runs": 3
    },
    "64": {
      "retention_mean": 1.0,
      "retention_std": 0.0,
      "revealed": 1.0,
      "prefix": 0.49631250000000005,
      "current_coin": 1.0,
      "gap_mean": 5e-05,
      "gap_std": 5e-05,
      "n_converged": 2,
      "n_runs": 2
    }
  },
  "figure": "results/mixture_capacity_pressure.png",
  "records": [
    {
      "d_model": 2,
      "seed": 0,
      "d_head": 2,
      "n_params": 5286,
      "loss_nats": 0.6931,
      "floor_nats": 0.4951,
      "gap_nats": 0.198,
      "converged": false,
      "mean_prefix_acc": 0.4915,
      "mean_revealed_acc": 1.0,
      "mean_retention_acc": 0.8402499999999999,
      "current_coin_acc_last": 1.0,
      "accuracy_by_position": [
        0.4915,
        0.4915,
        1.0,
        1.0,
        0.8742,
        0.8742,
        0.8063,
        0.8063
      ]
    },
    {
      "d_model": 2,
      "seed": 1,
      "d_head": 2,
      "n_params": 5286,
      "loss_nats": 0.6759,
      "floor_nats": 0.4951,
      "gap_nats": 0.1808,
      "converged": false,
      "mean_prefix_acc": 0.501125,
      "mean_revealed_acc": 1.0,
      "mean_retention_acc": 0.7079375000000001,
      "current_coin_acc_last": 1.0,
      "accuracy_by_position": [
        0.4973,
        0.505,
        1.0,
        1.0,
        0.7432,
        0.7405,
        0.677,
        0.671
      ]
    },
    {
      "d_model": 2,
      "seed": 2,
      "d_head": 2,
      "n_params": 5286,
      "loss_nats": 0.6931,
      "floor_nats": 0.4951,
      "gap_nats": 0.198,
      "converged": false,
      "mean_prefix_acc": 0.495,
      "mean_revealed_acc": 1.0,
      "mean_retention_acc": 0.49706249999999996,
      "current_coin_acc_last": 1.0,
      "accuracy_by_position": [
        0.495,
        0.495,
        1.0,
        1.0,
        0.495,
        0.5032,
        0.495,
        0.495
      ]
    },
    {
      "d_model": 3,
      "seed": 0,
      "d_head": 3,
      "n_params": 7464,
      "loss_nats": 0.4952,
      "floor_nats": 0.4951,
      "gap_nats": 0.0001,
      "converged": true,
      "mean_prefix_acc": 0.4915,
      "mean_revealed_acc": 1.0,
      "mean_retention_acc": 0.992125,
      "current_coin_acc_last": 1.0,
      "accuracy_by_position": [
        0.4915,
        0.4915,
        1.0,
        1.0,
        1.0,
        1.0,
        1.0,
        0.9685
      ]
    },
    {
      "d_model": 3,
      "seed": 1,
      "d_head": 3,
      "n_params": 7464,
      "loss_nats": 0.4952,
      "floor_nats": 0.4951,
      "gap_nats": 0.0001,
      "converged": true,
      "mean_prefix_acc": 0.501125,
      "mean_revealed_acc": 1.0,
      "mean_retention_acc": 0.9621875,
      "current_coin_acc_last": 1.0,
      "accuracy_by_position": [
        0.4973,
        0.505,
        1.0,
        1.0,
        1.0,
        1.0,
        1.0,
        0.8488
      ]
    },
    {
      "d_model": 3,
      "seed": 2,
      "d_head": 3,
      "n_params": 7464,
      "loss_nats": 0.4953,
      "floor_nats": 0.4951,
      "gap_nats": 0.0002,
      "converged": true,
      "mean_prefix_acc": 0.495,
      "mean_revealed_acc": 1.0,
      "mean_retention_acc": 1.0,
      "current_coin_acc_last": 1.0,
      "accuracy_by_position": [
        0.495,
        0.495,
        1.0,
        1.0,
        1.0,
        1.0,
        1.0,
        1.0
      ]
    },
    {
      "d_model": 4,
      "seed": 0,
      "d_head": 4,
      "n_params": 9674,
      "loss_nats": 0.4952,
      "floor_nats": 0.4951,
      "gap_nats": 0.0001,
      "converged": true,
      "mean_prefix_acc": 0.4915,
      "mean_revealed_acc": 1.0,
      "mean_retention_acc": 1.0,
      "current_coin_acc_last": 1.0,
      "accuracy_by_position": [
        0.4915,
        0.4915,
        1.0,
        1.0,
        1.0,
        1.0,
        1.0,
        1.0
      ]
    },
    {
      "d_model": 4,
      "seed": 1,
      "d_head": 4,
      "n_params": 9674,
      "loss_nats": 0.4953,
      "floor_nats": 0.4951,
      "gap_nats": 0.0002,
      "converged": true,
      "mean_prefix_acc": 0.501125,
      "mean_revealed_acc": 1.0,
      "mean_retention_acc": 0.9575625,
      "current_coin_acc_last": 1.0,
      "accuracy_by_position": [
        0.4973,
        0.505,
        1.0,
        1.0,
        1.0,
        0.9065,
        0.9237,
        1.0
      ]
    },
    {
      "d_model": 4,
      "seed": 2,
      "d_head": 4,
      "n_params": 9674,
      "loss_nats": 0.4951,
      "floor_nats": 0.4951,
      "gap_nats": 0.0,
      "converged": true,
      "mean_prefix_acc": 0.495,
      "mean_revealed_acc": 1.0,
      "mean_retention_acc": 0.9643124999999999,
      "current_coin_acc_last": 1.0,
      "accuracy_by_position": [
        0.495,
        0.495,
        1.0,
        1.0,
        1.0,
        1.0,
        0.9852,
        0.872
      ]
    },
    {
      "d_model": 6,
      "seed": 0,
      "d_head": 6,
      "n_params": 14190,
      "loss_nats": 0.4952,
      "floor_nats": 0.4951,
      "gap_nats": 0.0001,
      "converged": true,
      "mean_prefix_acc": 0.4915,
      "mean_revealed_acc": 1.0,
      "mean_retention_acc": 1.0,
      "current_coin_acc_last": 1.0,
      "accuracy_by_position": [
        0.4915,
        0.4915,
        1.0,
        1.0,
        1.0,
        1.0,
        1.0,
        1.0
      ]
    },
    {
      "d_model": 6,
      "seed": 1,
      "d_head": 6,
      "n_params": 14190,
      "loss_nats": 0.4951,
      "floor_nats": 0.4951,
      "gap_nats": 0.0,
      "converged": true,
      "mean_prefix_acc": 0.501125,
      "mean_revealed_acc": 1.0,
      "mean_retention_acc": 1.0,
      "current_coin_acc_last": 1.0,
      "accuracy_by_position": [
        0.4973,
        0.505,
        1.0,
        1.0,
        1.0,
        1.0,
        1.0,
        1.0
      ]
    },
    {
      "d_model": 6,
      "seed": 2,
      "d_head": 6,
      "n_params": 14190,
      "loss_nats": 0.4951,
      "floor_nats": 0.4951,
      "gap_nats": 0.0,
      "converged": true,
      "mean_prefix_acc": 0.495,
      "mean_revealed_acc": 1.0,